Symbol, Date, Open, High, Low, Close, Volume
AAA,20140102,50.1,50.1,50.09,50.09,1231
AAC,20140102,1.265,1.29,1.235,1.235,364934
AAD,20140102,2.01,2.07,2.01,2.05,1286728
AAX,20140102,0.635,0.64,0.62,0.625,881405
ABC,20140102,3.66,3.73,3.66,3.69,338543
ABP,20140102,2.34,2.36,2.32,2.34,496205
ABU,20140102,0.022,0.023,0.021,0.021,3698023
ABY,20140102,0.335,0.34,0.335,0.34,17300
ABZ,20140102,0.23,0.235,0.23,0.23,463805
ACB,20140102,0.047,0.047,0.047,0.047,10500
ACG,20140102,0.17,0.17,0.165,0.165,537404
ACL,20140102,0.59,0.6,0.585,0.6,122719
ACP,20140102,0.12,0.12,0.11,0.11,50000
ACR,20140102,2.57,2.6,2.53,2.54,240401
ADJ,20140102,0.115,0.115,0.11,0.11,499194
ADN,20140102,0.064,0.064,0.064,0.064,30000
ADO,20140102,0.16,0.18,0.16,0.175,11730426
ADX,20140102,0.015,0.015,0.014,0.015,350000
AEB,20140102,0.19,0.19,0.185,0.19,94554
AEE,20140102,0.039,0.039,0.038,0.038,601000
AEM,20140102,0.013,0.013,0.012,0.012,21977
AEU,20140102,1.53,1.54,1.53,1.54,213053
AFA,20140102,0.095,0.095,0.095,0.095,17350
AFI,20140102,6.25,6.29,6.24,6.26,131584
AFJ,20140102,1.15,1.215,1.14,1.215,214655
AFR,20140102,0.115,0.115,0.115,0.115,10000
AGF,20140102,0.825,0.83,0.82,0.83,116407
AGG,20140102,2.74,2.74,2.73,2.74,383
AGI,20140102,4.39,4.46,4.38,4.38,28515
AGK,20140102,15.03,15.08,14.92,15.02,405506
AGO,20140102,1.16,1.19,1.16,1.175,4980393
AGR,20140102,0.055,0.06,0.055,0.06,215026
AGS,20140102,0.14,0.16,0.14,0.145,954392
AGX,20140102,0.017,0.017,0.017,0.017,50000
AHD,20140102,8.15,8.3,8.14,8.25,59909
AHE,20140102,3.76,3.9,3.76,3.87,216851
AHZ,20140102,0.155,0.175,0.15,0.165,17182823
AIA,20140102,3.25,3.35,3.21,3.24,17183
AIO,20140102,5.73,5.835,5.73,5.77,1102821
AIW,20140102,0.005,0.005,0.005,0.005,380000
AIX,20140102,0.005,0.005,0.005,0.005,3226181
AIZ,20140102,1.465,1.48,1.465,1.48,427
AJA,20140102,3.43,3.45,3.43,3.44,59111
AJD,20140102,1.035,1.04,1.03,1.04,67634
AJL,20140102,1.1,1.1,1.05,1.09,57250
AJM,20140102,0.135,0.14,0.135,0.135,160000
AJX,20140102,0.175,0.175,0.17,0.175,127747
AKK,20140102,0.012,0.012,0.012,0.012,1650000
AKM,20140102,0.056,0.062,0.056,0.062,94300
AKP,20140102,3.62,3.62,3.62,3.62,700
ALA,20140102,0.17,0.17,0.17,0.17,70000
ALF,20140102,1.68,1.695,1.68,1.69,96862
ALK,20140102,0.345,0.35,0.34,0.34,172808
ALL,20140102,4.69,4.69,4.58,4.66,930684
ALQ,20140102,8.8,8.94,8.72,8.89,803692
ALR,20140102,1.36,1.37,1.35,1.35,31000
ALT,20140102,0.027,0.029,0.025,0.026,6510450
ALU,20140102,2.3,2.4,2.24,2.29,91455
ALY,20140102,0.027,0.027,0.027,0.027,7585
ALZ,20140102,3.87,3.89,3.85,3.86,451180
AMA,20140102,0.34,0.34,0.33,0.33,175656
AMC,20140102,10.54,10.62,10.54,10.59,1681440
AMH,20140102,0.92,0.92,0.92,0.92,3324
AMM,20140102,2.18,2.18,2.16,2.17,415117
AMP,20140102,4.42,4.45,4.41,4.43,2376305
AMX,20140102,0.135,0.135,0.13,0.13,1115094
ANG,20140102,3.65,3.74,3.59,3.7,82200
ANI,20140102,2.03,2.03,2.03,2.03,22540
ANN,20140102,20.73,20.95,20.71,20.83,362628
ANO,20140102,0.014,0.014,0.014,0.014,75000
ANP,20140102,0.15,0.15,0.15,0.15,58000
ANQ,20140102,0.009,0.009,0.009,0.009,67000
ANW,20140102,0.007,0.008,0.007,0.008,485000
ANZ,20140102,32.23,32.41,32.055,32.22,1906968
AOG,20140102,2.04,2.07,2.03,2.05,357736
AOH,20140102,0.165,0.165,0.165,0.165,41000
AOK,20140102,0.14,0.145,0.14,0.145,742500
AOM,20140102,0.023,0.023,0.023,0.023,134000
AOU,20140102,0.145,0.145,0.145,0.145,8589
APA,20140102,6.01,6.05,6.01,6.04,635616
APE,20140102,5,5,4.96,5,4638
APG,20140102,0.03,0.03,0.03,0.03,5000
API,20140102,0.6,0.6,0.592,0.6,504212
APN,20140102,0.45,0.46,0.45,0.46,226494
APW,20140102,0.078,0.079,0.078,0.079,95291
APY,20140102,0.026,0.026,0.026,0.026,30000
APZ,20140102,1.58,1.585,1.565,1.58,45352
AQA,20140102,2.3,2.36,2.295,2.36,98655
AQC,20140102,0.006,0.006,0.006,0.006,1370000
AQD,20140102,0.021,0.022,0.02,0.021,740804
AQG,20140102,2.29,2.4,2.26,2.4,639296
AQP,20140102,0.75,0.765,0.73,0.76,160534
AQZ,20140102,1.46,1.46,1.46,1.46,49796
ARD,20140102,0.049,0.049,0.049,0.049,2500
ARF,20140102,1.15,1.18,1.15,1.18,8134
ARG,20140102,7.31,7.4,7.31,7.37,95289
ARI,20140102,1.75,1.82,1.735,1.805,4066235
ARP,20140102,11.71,12,11.71,11.94,23338
ARU,20140102,0.08,0.08,0.077,0.078,380450
ARW,20140102,0.73,0.73,0.73,0.73,1055
ARX,20140102,0.006,0.006,0.006,0.006,179000
ASB,20140102,0.88,0.88,0.87,0.88,99219
ASL,20140102,1.045,1.055,1,1.05,3109590
ASX,20140102,36.98,37.19,36.82,36.85,217039
ASZ,20140102,0.405,0.415,0.4,0.4,134118
ATI,20140102,0.18,0.18,0.18,0.18,68610
ATP,20140102,0.067,0.067,0.064,0.064,33300
ATU,20140102,1.41,1.41,1.39,1.39,27466
ATV,20140102,0.017,0.017,0.016,0.016,106667
AUB,20140102,12,12.02,11.95,12,4854
AUF,20140102,1.12,1.12,1.12,1.12,11528
AUI,20140102,7.98,8.07,7.93,8.07,7883
AUK,20140102,0.075,0.075,0.075,0.075,100000
AUQ,20140102,0.064,0.064,0.06,0.06,128000
AUT,20140102,3.05,3.05,2.97,2.98,526244
AUZ,20140102,0.005,0.005,0.005,0.005,1000
AVA,20140102,0.145,0.145,0.145,0.145,3000
AVB,20140102,0.072,0.076,0.072,0.076,5117198
AVG,20140102,0.435,0.44,0.43,0.43,34496
AVH,20140102,0.135,0.14,0.135,0.14,1561380
AVJ,20140102,0.6,0.6,0.59,0.6,60000
AVK,20140102,0.022,0.023,0.022,0.023,35000
AVQ,20140102,0.016,0.016,0.015,0.015,526250
AVX,20140102,0.012,0.013,0.012,0.013,289500
AWC,20140102,1.12,1.13,1.1,1.125,7288808
AWE,20140102,1.335,1.335,1.29,1.315,1893289
AXE,20140102,0.185,0.185,0.18,0.18,22000
AXZ,20140102,1.3,1.3,1.3,1.3,2454
AYB,20140102,0.08,0.08,0.08,0.08,25000
AYF,20140102,6.33,6.33,6.32,6.32,3669
AYG,20140102,0.005,0.005,0.005,0.005,200000
AYN,20140102,0.002,0.002,0.001,0.002,10177000
AYR,20140102,0.006,0.006,0.006,0.006,293334
AZJ,20140102,4.87,4.97,4.87,4.92,2137929
AZM,20140102,0.028,0.029,0.025,0.029,225828
AZQ,20140102,0.07,0.075,0.07,0.075,242446
AZS,20140102,0.03,0.031,0.03,0.031,1286198
AZV,20140102,0.255,0.255,0.255,0.255,4081
AZZ,20140102,0.55,0.55,0.535,0.535,3393069
BAB,20140102,0.045,0.045,0.045,0.045,12500
BAS,20140102,0.007,0.007,0.007,0.007,100000
BAU,20140102,0.12,0.12,0.12,0.12,364175
BBG,20140102,0.505,0.515,0.495,0.5,1336856
BBX,20140102,0.025,0.025,0.025,0.025,200000
BCC,20140102,0.021,0.023,0.017,0.018,25110075
BCI,20140102,5.23,5.33,5.2,5.28,313119
BCK,20140102,0.065,0.065,0.064,0.064,70000
BCN,20140102,0.003,0.004,0.003,0.004,446700
BCT,20140102,0.097,0.097,0.093,0.093,16000
BDR,20140102,0.785,0.842,0.785,0.835,2969019
BEAR,20140102,18.2,18.27,18.19,18.21,28919
BEN,20140102,11.8,11.97,11.8,11.89,918642
BGA,20140102,4.52,4.54,4.47,4.5,128370
BGG,20140102,0.165,0.165,0.155,0.155,103742
BGL,20140102,0.77,0.77,0.75,0.765,205051
BGS,20140102,0.014,0.014,0.014,0.014,1288500
BHP,20140102,38.12,38.33,38.08,38.2,2781096
BIS,20140102,0.78,0.78,0.77,0.77,1560
BIT,20140102,0.08,0.083,0.08,0.083,130292
BKI,20140102,1.58,1.585,1.57,1.585,140302
BKL,20140102,20.85,21.01,20.77,21.01,5871
BKN,20140102,6.14,6.18,5.89,5.92,855608
BKP,20140102,0.005,0.005,0.005,0.005,2640000
BKW,20140102,14.32,14.48,14.31,14.36,10442
BKY,20140102,0.235,0.235,0.235,0.235,5982
BLA,20140102,1.75,1.855,1.75,1.85,54267
BLD,20140102,4.81,4.86,4.79,4.8,898375
BLG,20140102,0.15,0.155,0.15,0.155,18571
BLK,20140102,0.17,0.17,0.17,0.17,2000
BLR,20140102,0.012,0.013,0.012,0.013,188080
BLT,20140102,0.58,0.6,0.58,0.585,25999
BLY,20140102,0.385,0.41,0.385,0.405,2182660
BMB,20140102,0.099,0.1,0.099,0.1,466735
BMG,20140102,0.004,0.004,0.004,0.004,1110499
BML,20140102,0.003,0.004,0.003,0.004,414800
BMN,20140102,0.05,0.05,0.05,0.05,12500
BMY,20140102,0.013,0.013,0.012,0.012,10000
BNC,20140102,0.3,0.3,0.3,0.3,14173
BND,20140102,0.175,0.175,0.17,0.17,560171
BNE,20140102,0.002,0.002,0.002,0.002,300000
BNO,20140102,0.755,0.755,0.74,0.745,43081
BNR,20140102,0.009,0.009,0.009,0.009,375000
BOE,20140102,0.013,0.013,0.013,0.013,862750
BOL,20140102,0.135,0.135,0.13,0.135,415900
BOQ,20140102,12.2,12.35,12.2,12.25,559948
BPH,20140102,0.015,0.015,0.012,0.012,113850
BPO,20140102,0.003,0.003,0.003,0.003,1321777
BPT,20140102,1.425,1.435,1.4,1.405,3569093
BRB,20140102,0.135,0.135,0.105,0.12,345479
BRC,20140102,0.26,0.28,0.26,0.275,7000
BRG,20140102,8.94,9.02,8.76,8.82,88894
BRL,20140102,0.185,0.2,0.185,0.2,656116
BRO,20140102,0.002,0.002,0.002,0.002,370000
BRU,20140102,1.765,1.782,1.725,1.745,585367
BSA,20140102,0.13,0.13,0.12,0.12,75829
BSL,20140102,5.84,5.96,5.82,5.94,1668044
BTC,20140102,0.02,0.02,0.02,0.02,22000
BTR,20140102,0.26,0.265,0.255,0.265,277779
BTT,20140102,5.75,5.81,5.69,5.78,92490
BUG,20140102,0.6,0.65,0.6,0.65,34359
BUL,20140102,0.075,0.076,0.075,0.075,269418
BUX,20140102,0.165,0.165,0.165,0.165,900
BWP,20140102,2.2,2.225,2.195,2.22,1100216
BXB,20140102,9.18,9.215,9.15,9.19,1313763
BXN,20140102,0.011,0.011,0.011,0.011,200000
BYI,20140102,1.82,1.85,1.8,1.85,6000
BYL,20140102,0.375,0.38,0.375,0.38,126915
CAA,20140102,0.15,0.155,0.15,0.15,60000
CAB,20140102,4.03,4.05,3.99,4.01,170686
CAF,20140102,0.34,0.34,0.34,0.34,44508
CAJ,20140102,0.4,0.41,0.385,0.385,524322
CAM,20140102,1.07,1.07,1.07,1.07,30000
CAQ,20140102,0.09,0.09,0.09,0.09,20000
CAS,20140102,0.3,0.3,0.3,0.3,27250
CAV,20140102,0.025,0.025,0.024,0.024,200000
CAZ,20140102,0.09,0.09,0.085,0.085,12048
CBA,20140102,78.09,78.35,77.54,77.84,1297623
CBQ,20140102,0.006,0.009,0.006,0.009,1075000
CBX,20140102,0.03,0.03,0.03,0.03,120625
CCC,20140102,0.02,0.02,0.02,0.02,163479
CCL,20140102,12.04,12.15,12.04,12.1,481574
CCP,20140102,9.65,9.69,9.44,9.5,34019
CCU,20140102,0.12,0.125,0.12,0.125,521647
CCV,20140102,0.975,0.99,0.975,0.98,552040
CDA,20140102,1.11,1.11,1.055,1.09,206584
CDB,20140102,0.006,0.006,0.006,0.006,109145
CDD,20140102,6.94,7.145,6.8,7.12,312491
CDG,20140102,0.105,0.105,0.105,0.105,120000
CDI,20140102,2.48,2.52,2.48,2.52,152152
CDM,20140102,1.495,1.53,1.492,1.53,185931
CDP,20140102,5.54,5.65,5.54,5.65,29220
CDU,20140102,1.825,1.855,1.805,1.845,236130
CDY,20140102,0.029,0.031,0.029,0.031,2479764
CEL,20140102,0.077,0.077,0.075,0.075,74013
CFE,20140102,0.13,0.13,0.13,0.13,276240
CFU,20140102,0.039,0.039,0.038,0.038,506975
CFX,20140102,1.945,1.955,1.93,1.95,7376055
CGF,20140102,6.25,6.32,6.22,6.25,760783
CGH,20140102,0.4,0.44,0.4,0.41,237973
CGN,20140102,0.078,0.078,0.078,0.078,5000
CGR,20140102,0.175,0.175,0.175,0.175,28000
CGS,20140102,0.36,0.36,0.36,0.36,5055
CHC,20140102,3.71,3.72,3.65,3.68,138486
CHN,20140102,0.13,0.135,0.13,0.135,126500
CIN,20140102,25.3,25.55,25.3,25.55,880
CIR,20140102,0.21,0.21,0.205,0.205,9586
CIW,20140102,0.73,0.73,0.73,0.73,50000
CIX,20140102,0.26,0.26,0.26,0.26,106
CKA,20140102,0.2,0.2,0.2,0.2,316214
CKF,20140102,1.835,1.9,1.825,1.9,212692
CKK,20140102,0.008,0.008,0.008,0.008,500000
CKL,20140102,0.85,0.85,0.84,0.84,25000
CLA,20140102,0.011,0.011,0.011,0.011,980944
CLH,20140102,1.89,1.89,1.825,1.83,350089
CLR,20140102,0.44,0.44,0.44,0.44,104507
CLV,20140102,0.52,0.52,0.515,0.515,15048
CLX,20140102,2.71,2.72,2.65,2.65,27671
CMG,20140102,0.445,0.45,0.44,0.44,227398
CMI,20140102,1.65,1.65,1.63,1.63,3074
CMT,20140102,0.16,0.16,0.15,0.16,45921
CMW,20140102,0.985,0.99,0.98,0.99,619676
CND,20140102,0.21,0.21,0.21,0.21,15000
CNI,20140102,0.77,0.77,0.77,0.77,1012
CNN,20140102,0.003,0.003,0.003,0.003,67592
CNU,20140102,1.3,1.32,1.3,1.315,58559
CNX,20140102,0.017,0.017,0.017,0.017,128733
COD,20140102,0.175,0.19,0.17,0.19,176652
COE,20140102,0.45,0.45,0.447,0.45,51377
COF,20140102,0.245,0.245,0.245,0.245,25476
COH,20140102,58.9,59.45,58.83,59.15,60492
COI,20140102,0.17,0.17,0.165,0.17,577186
COJ,20140102,0.043,0.043,0.043,0.043,15000
COK,20140102,0.039,0.041,0.039,0.041,3669598
COM,20140102,0.038,0.038,0.036,0.036,1737734
COO,20140102,0.14,0.14,0.135,0.14,66982
COY,20140102,0.019,0.019,0.018,0.018,145000
COZ,20140102,0.065,0.065,0.065,0.065,6250
CPA,20140102,1.245,1.25,1.245,1.25,4382713
CPL,20140102,0.225,0.24,0.225,0.24,109434
CPU,20140102,11.4,11.43,11.32,11.33,611526
CQR,20140102,3.61,3.66,3.6,3.63,746901
CRH,20140102,0.35,0.37,0.35,0.35,345257
CRQ,20140102,0.017,0.017,0.017,0.017,20000
CRZ,20140102,10.19,10.48,10.19,10.37,333022
CSE,20140102,0.185,0.19,0.185,0.19,84746
CSL,20140102,69.16,69.39,68.82,68.82,360550
CSP,20140102,0.145,0.145,0.145,0.145,2805
CSR,20140102,2.65,2.685,2.65,2.66,491320
CSS,20140102,0.041,0.045,0.04,0.043,17177705
CSV,20140102,0.9,0.92,0.9,0.9,15936
CTD,20140102,5.55,5.57,5.42,5.53,53755
CTE,20140102,0.46,0.46,0.46,0.46,1000
CTM,20140102,0.185,0.205,0.185,0.205,9954
CTN,20140102,1.06,1.07,1.06,1.07,91020
CTO,20140102,0.048,0.05,0.047,0.05,212578
CTP,20140102,0.37,0.375,0.365,0.365,41460
CTR,20140102,0.015,0.015,0.014,0.014,543004
CTX,20140102,20.05,20.5,19.94,19.99,314149
CUE,20140102,0.13,0.135,0.13,0.135,15000
CUP,20140102,1.94,1.955,1.93,1.942,91427
CUV,20140102,0.98,1,0.98,1,6356
CUX,20140102,0.027,0.027,0.027,0.027,20000
CVN,20140102,0.062,0.064,0.062,0.064,720000
CVO,20140102,1.875,1.875,1.85,1.86,349980
CVV,20140102,0.019,0.019,0.018,0.018,170000
CVW,20140102,0.62,0.64,0.62,0.64,146681
CWE,20140102,0.047,0.048,0.045,0.046,615890
CWN,20140102,17,17.11,16.88,16.93,378326
CWP,20140102,7.66,7.675,7.61,7.61,67150
CXM,20140102,0.135,0.135,0.135,0.135,127000
CXU,20140102,0.11,0.11,0.11,0.11,37776
CYG,20140102,2.88,2.91,2.88,2.9,28474
CYO,20140102,0.015,0.015,0.015,0.015,1532
CYP,20140102,0.515,0.53,0.515,0.53,50147
CYU,20140102,0.033,0.036,0.033,0.036,91750
CYY,20140102,0.06,0.06,0.06,0.06,26134
CZA,20140102,0.105,0.105,0.105,0.105,5000
CZD,20140102,0.079,0.079,0.078,0.078,22540
CZN,20140102,0.013,0.013,0.011,0.011,615500
CZR,20140102,0.025,0.027,0.025,0.027,400000
CZZ,20140102,4.2,4.22,4.18,4.18,5364
DCG,20140102,2.46,2.5,2.46,2.49,131636
DCN,20140102,0.24,0.25,0.24,0.25,17250
DDD,20140102,0.028,0.028,0.028,0.028,50000
DDR,20140102,0.96,0.96,0.95,0.95,4084
DDT,20140102,0.03,0.035,0.03,0.034,9385444
DEG,20140102,0.002,0.002,0.002,0.002,750000
DGH,20140102,0.7,0.7,0.7,0.7,40000
DGI,20140102,0.017,0.017,0.017,0.017,100000
DGO,20140102,0.001,0.001,0.001,0.001,255000
DGX,20140102,0.035,0.035,0.035,0.035,481794
DIG,20140102,0.015,0.016,0.015,0.016,275000
DJS,20140102,3.02,3.05,2.99,3.02,610499
DJW,20140102,4.78,4.8,4.77,4.8,34605
DLS,20140102,1.37,1.37,1.347,1.355,281856
DLX,20140102,5.36,5.45,5.36,5.39,415925
DML,20140102,0.054,0.054,0.05,0.051,4888053
DMP,20140102,16.2,16.51,16.2,16.4,58368
DNA,20140102,0.955,1.02,0.955,1.02,759098
DOW,20140102,4.85,4.9,4.82,4.82,548586
DRA,20140102,0.145,0.18,0.145,0.16,86067
DRK,20140102,0.015,0.016,0.014,0.016,1072000
DRM,20140102,0.55,0.6,0.54,0.6,153189
DSB,20140102,0.29,0.29,0.29,0.29,20000
DSH,20140102,2.1,2.15,2.08,2.13,311618
DTE,20140102,0.11,0.115,0.11,0.11,295467
DTL,20140102,0.94,0.98,0.94,0.97,289122
DTM,20140102,0.032,0.032,0.032,0.032,156625
DUE,20140102,2,2.025,2,2,4419104
DUI,20140102,3.54,3.54,3.52,3.52,5208
DVA,20140102,0.03,0.03,0.029,0.029,62490
DVL,20140102,0.42,0.425,0.42,0.425,63922
DVN,20140102,0.825,0.84,0.79,0.79,50322
DWS,20140102,1.235,1.28,1.23,1.28,101130
DXS,20140102,1.01,1.02,1,1.02,9448664
DYE,20140102,0.305,0.31,0.305,0.31,5300
DYL,20140102,0.019,0.019,0.018,0.018,302000
EAL,20140102,0.625,0.635,0.61,0.63,74971
EAX,20140102,3.31,3.39,3.31,3.39,102719
EBT,20140102,2.84,2.9,2.84,2.9,8092
ECV,20140102,1.53,1.55,1.53,1.55,5000
EDE,20140102,0.017,0.017,0.017,0.017,30000
EEG,20140102,0.098,0.098,0.098,0.098,393366
EER,20140102,0.04,0.04,0.04,0.04,50000
EEU,20140102,15.34,15.34,15.32,15.32,7150
EFE,20140102,0.042,0.042,0.042,0.042,3650
EGO,20140102,0.012,0.013,0.011,0.011,7383434
EGP,20140102,2.48,2.56,2.42,2.53,797644
EHL,20140102,0.23,0.232,0.222,0.23,1911585
ELD,20140102,0.115,0.115,0.11,0.11,118823
ELK,20140102,0.145,0.145,0.145,0.145,100000
ELM,20140102,0.33,0.33,0.325,0.325,13795
ELR,20140102,0.1,0.1,0.1,0.1,10000
ELT,20140102,0.017,0.017,0.017,0.017,300000
EMR,20140102,0.009,0.009,0.009,0.009,1140868
ENE,20140102,6.25,6.38,6.25,6.25,23120
ENT,20140102,0.064,0.065,0.064,0.065,35000
ENU,20140102,0.042,0.042,0.042,0.042,171691
ENV,20140102,1.14,1.15,1.14,1.14,887839
EPD,20140102,0.635,0.635,0.635,0.635,8000
EPW,20140102,2.4,2.4,2.365,2.37,60909
EPX,20140102,1.76,1.775,1.755,1.775,69018
EPY,20140102,0.65,0.65,0.65,0.65,9600
EQE,20140102,0.008,0.008,0.008,0.008,133000
EQX,20140102,0.68,0.68,0.68,0.68,14000
ERA,20140102,1.265,1.28,1.24,1.275,83285
ERJ,20140102,0.002,0.002,0.001,0.002,10090000
ESN,20140102,0.004,0.004,0.004,0.004,407800
ESV,20140102,0.8,0.81,0.8,0.81,33500
ETE,20140102,0.034,0.036,0.034,0.036,144860
EVN,20140102,0.62,0.66,0.615,0.655,1644726
EVR,20140102,0.5,0.535,0.5,0.52,132221
EVZ,20140102,0.04,0.04,0.039,0.039,16983
EWC,20140102,0.39,0.395,0.38,0.385,365960
EXC,20140102,0.016,0.016,0.016,0.016,20000
EXG,20140102,0.07,0.07,0.07,0.07,245332
EXR,20140102,0.008,0.009,0.008,0.009,235000
FAN,20140102,2.01,2.05,2.01,2.05,1110
FAR,20140102,0.04,0.045,0.04,0.043,9869647
FAS,20140102,0.013,0.013,0.011,0.011,9957022
FBU,20140102,7.73,7.9,7.73,7.85,149937
FCN,20140102,0.013,0.013,0.013,0.013,85000
FCR,20140102,0.032,0.032,0.032,0.032,2834
FDC,20140102,2.35,2.36,2.32,2.32,2644702
FFF,20140102,0.02,0.02,0.02,0.02,600000
FFI,20140102,4.33,4.33,4.33,4.33,5045
FGE,20140102,1.835,1.87,1.355,1.52,18605463
FLK,20140102,0.18,0.18,0.18,0.18,652743
FLN,20140102,1.4,1.4,1.39,1.39,48024
FLT,20140102,47.76,48.09,46.8,47.18,85759
FMG,20140102,5.84,5.94,5.82,5.93,6797262
FML,20140102,0.012,0.012,0.011,0.012,3916221
FMS,20140102,0.032,0.033,0.032,0.032,737274
FND,20140102,0.185,0.185,0.185,0.185,6250
FNP,20140102,2.73,2.74,2.63,2.74,54724
FNT,20140102,0.008,0.008,0.008,0.008,358
FOX,20140102,39,39,38.53,38.7,491583
FOY,20140102,0.006,0.006,0.004,0.004,10458351
FPH,20140102,3.59,3.59,3.58,3.58,2299
FPS,20140102,1.4,1.4,1.4,1.4,500
FRI,20140102,1.6,1.6,1.59,1.6,133897
FRM,20140102,0.13,0.13,0.13,0.13,33111
FRR,20140102,0.018,0.018,0.017,0.017,305666
FSA,20140102,1.275,1.28,1.27,1.27,62886
FSE,20140102,0.008,0.008,0.008,0.008,45383
FSF,20140102,5.41,5.41,5.32,5.32,9605
FTE,20140102,0.005,0.005,0.005,0.005,10000
FUN,20140102,0.18,0.18,0.18,0.18,12500
FWD,20140102,3.19,3.19,3.07,3.09,136663
FXJ,20140102,0.645,0.645,0.63,0.635,3006078
FXL,20140102,4.5,4.5,4.43,4.46,238357
FXR,20140102,0.016,0.016,0.016,0.016,189500
FYI,20140102,0.06,0.06,0.06,0.06,5667
GAP,20140102,0.265,0.27,0.265,0.27,22092
GBG,20140102,0.105,0.105,0.1,0.105,1271905
GBT,20140102,3,3.25,3,3.21,162996
GBZ,20140102,0.033,0.037,0.033,0.037,84867
GCN,20140102,0.014,0.014,0.014,0.014,1092860
GCR,20140102,0.005,0.005,0.005,0.005,330219
GCS,20140102,0.485,0.485,0.485,0.485,15000
GDI,20140102,0.87,0.88,0.87,0.88,385475
GDO,20140102,0.295,0.295,0.295,0.295,8898
GDY,20140102,0.079,0.08,0.078,0.078,130320
GEM,20140102,3.18,3.22,3.17,3.18,323589
GFF,20140102,0.69,0.695,0.68,0.68,1700409
GGE,20140102,0.011,0.012,0.011,0.011,814104
GGG,20140102,0.21,0.23,0.205,0.22,467499
GGP,20140102,0.001,0.001,0.001,0.001,1500000
GGX,20140102,0.022,0.022,0.022,0.022,126060
GHC,20140102,1.235,1.235,1.22,1.225,16597
GID,20140102,0.765,0.77,0.76,0.77,51347
GIP,20140102,0.004,0.004,0.004,0.004,3300000
GJT,20140102,1.47,1.48,1.445,1.475,50186
GLA,20140102,0.007,0.007,0.007,0.007,30000
GLH,20140102,0.38,0.435,0.38,0.425,170204
GLL,20140102,0.14,0.14,0.135,0.135,16667
GLM,20140102,0.006,0.006,0.005,0.006,1200000
GLY,20140102,0.167,0.167,0.167,0.167,80000
GMD,20140102,0.012,0.012,0.012,0.012,70000
GMG,20140102,4.78,4.825,4.765,4.78,1767481
GML,20140102,0.1,0.1,0.1,0.1,43500
GMR,20140102,0.011,0.011,0.011,0.011,500000
GNC,20140102,8.58,8.62,8.55,8.59,714978
GNG,20140102,0.51,0.515,0.51,0.515,40215
GOLD,20140102,129.16,132.03,129.16,131.8,3967
GOR,20140102,0.1,0.11,0.1,0.11,529828
GOW,20140102,2.61,2.61,2.59,2.59,4950
GOZ,20140102,2.45,2.47,2.43,2.47,138818
GPT,20140102,3.41,3.46,3.41,3.43,2401586
GRB,20140102,0.24,0.245,0.24,0.245,20000
GRK,20140102,0.001,0.001,0.001,0.001,504975
GRR,20140102,0.255,0.26,0.245,0.25,1483931
GRY,20140102,0.165,0.165,0.16,0.16,452634
GSZ,20140102,0.025,0.025,0.025,0.025,70000
GTE,20140102,0.096,0.1,0.096,0.1,29998
GUD,20140102,5.78,5.93,5.78,5.85,142012
GUF,20140102,0.089,0.099,0.089,0.099,980552
GUN,20140102,0.021,0.025,0.021,0.025,341666
GWA,20140102,3.06,3.06,3,3.05,151127
GXL,20140102,8.6,8.6,8.35,8.35,105579
GXY,20140102,0.048,0.054,0.048,0.054,5755877
HAO,20140102,0.3,0.32,0.3,0.32,32687
HAW,20140102,0.045,0.047,0.045,0.047,27500
HAZ,20140102,0.036,0.037,0.036,0.037,2000374
HCH,20140102,0.425,0.43,0.42,0.425,12386
HFA,20140102,0.725,0.725,0.725,0.725,3360
HGG,20140102,4.22,4.26,4.2,4.25,2049842
HGO,20140102,0.089,0.09,0.088,0.09,181000
HHL,20140102,2.05,2.1,2.05,2.1,10067
HHV,20140102,0.985,0.985,0.98,0.98,229916
HHY,20140102,0.33,0.335,0.33,0.335,11722
HIL,20140102,1.74,1.79,1.74,1.77,192922
HNG,20140102,0.52,0.53,0.52,0.52,22404
HNR,20140102,0.004,0.004,0.004,0.004,80000
HOG,20140102,0.021,0.024,0.021,0.024,80500
HOM,20140102,0.86,0.87,0.85,0.85,6054
HOR,20140102,0.032,0.032,0.032,0.032,16000
HPI,20140102,2.02,2.02,1.995,2,20824
HRL,20140102,0.005,0.005,0.005,0.005,4000
HSN,20140102,1.23,1.31,1.23,1.27,260999
HTA,20140102,0.086,0.086,0.076,0.076,547514
HUB,20140102,1.2,1.2,1.2,1.2,10000
HVN,20140102,3.15,3.215,3.13,3.19,1191341
HZN,20140102,0.31,0.31,0.305,0.31,422841
IAA,20140102,54.62,54.71,52.62,53.01,7382
IAF,20140102,100,100.2,100,100.12,1538
IAG,20140102,5.84,5.88,5.79,5.84,4156914
IAU,20140102,0.315,0.315,0.3,0.31,961702
IAW,20140102,0.082,0.082,0.081,0.081,28986
IBC,20140102,0.56,0.56,0.56,0.56,900
IBG,20140102,0.058,0.059,0.058,0.058,286619
IBK,20140102,42.54,42.54,42.46,42.46,333
IBY,20140102,0.33,0.33,0.325,0.33,291713
ICG,20140102,0.029,0.03,0.029,0.03,17600
ICN,20140102,0.16,0.16,0.155,0.155,36250
ICP,20140102,0.078,0.078,0.078,0.078,4770
ICQ,20140102,0.91,0.91,0.87,0.885,52424
ICS,20140102,0.055,0.06,0.055,0.06,1257666
ICX,20140102,0.1,0.1,0.1,0.1,3800
IDC,20140102,0.043,0.044,0.043,0.044,961473
IDR,20140102,1.9,1.91,1.9,1.9,64351
IDT,20140102,0.375,0.375,0.37,0.37,10840
IDZ,20140102,0.6,0.6,0.6,0.6,1958
IEM,20140102,47.01,47.18,46.2,46.2,38093
IEU,20140102,54.25,54.27,53.55,53.55,24943
IFE,20140102,0.17,0.185,0.17,0.185,160000
IFL,20140102,9.04,9.05,8.955,9,215683
IFM,20140102,0.59,0.6,0.58,0.59,87639
IFN,20140102,0.257,0.26,0.255,0.255,48654
IGO,20140102,3.17,3.23,3.1,3.18,305523
IHD,20140102,17.03,17.06,16.99,17,15548
IHK,20140102,23.18,23.18,23.18,23.18,800
IIN,20140102,6.49,6.49,6.39,6.42,152890
IJH,20140102,150.82,150.9,150.82,150.9,1360
IJP,20140102,13.7,13.7,13.45,13.63,15271
IJR,20140102,122.6,123.04,122.5,123.04,182
ILB,20140102,100.62,100.62,100.62,100.62,871
ILC,20140102,24.51,24.56,24.5,24.52,35528
ILU,20140102,8.67,8.82,8.6,8.76,990173
IMA,20140102,0.145,0.145,0.145,0.145,10000
IMC,20140102,0.01,0.012,0.01,0.011,7566235
IMD,20140102,0.62,0.655,0.565,0.64,505892
IMF,20140102,1.765,1.815,1.76,1.8,467420
IMI,20140102,0.002,0.002,0.002,0.002,1000000
INA,20140102,0.515,0.515,0.51,0.51,224243
INL,20140102,0.009,0.009,0.009,0.009,133333
IOF,20140102,3.15,3.165,3.115,3.12,1508572
IOH,20140102,0.87,0.885,0.87,0.885,4623
IOO,20140102,86.48,87.44,86.48,86.5,2261
IOZ,20140102,23.1,23.13,23.02,23.03,10258
IPB,20140102,0.285,0.29,0.28,0.29,117800
IPE,20140102,0.435,0.435,0.435,0.435,58255
IPL,20140102,2.7,2.7,2.68,2.69,1199032
IPP,20140102,1.935,1.94,1.91,1.94,152758
IPT,20140102,0.036,0.036,0.035,0.035,480000
IRE,20140102,9.52,9.59,9.4,9.4,274353
IRI,20140102,1.03,1.04,1.025,1.04,24357
IRL,20140102,0.009,0.009,0.008,0.009,380000
IRN,20140102,0.165,0.165,0.145,0.15,881004
IRU,20140102,130,130,130,130,300
ISG,20140102,14.72,14.72,14.72,14.72,30
ISN,20140102,0.33,0.33,0.31,0.31,365464
ISO,20140102,3.96,3.96,3.96,3.96,2236
ISU,20140102,1.42,1.43,1.365,1.43,69071
ITD,20140102,0.29,0.29,0.29,0.29,8569
ITT,20140102,0.007,0.007,0.006,0.006,4286000
ITW,20140102,16.09,16.09,16.09,16.09,23
IVC,20140102,11.14,11.15,11.02,11.11,78847
IVE,20140102,74.77,74.77,74.77,74.77,8
IVR,20140102,0.048,0.053,0.048,0.053,109323
IVV,20140102,208.64,209.93,208.5,208.9,5639
IVX,20140102,0.083,0.084,0.077,0.079,250142
IXJ,20140102,97.52,97.52,97.35,97.46,760
IXR,20140102,0.052,0.053,0.05,0.053,185490
IZZ,20140102,43.01,43.3,42.1,42.44,5171
JAL,20140102,0.24,0.24,0.22,0.22,410050
JBH,20140102,21.68,21.79,21.41,21.52,327073
JHX,20140102,12.94,13.09,12.8,12.87,450321
JIN,20140102,2.2,2.2,2.12,2.12,32434
JKA,20140102,0.09,0.095,0.09,0.095,583500
JMB,20140102,0.017,0.017,0.017,0.017,508131
JMS,20140102,0.08,0.081,0.077,0.08,426655
JPR,20140102,0.45,0.45,0.44,0.44,26667
JRL,20140102,0.18,0.18,0.18,0.18,1000
JRV,20140102,0.035,0.035,0.035,0.035,50000
KAM,20140102,0.67,0.68,0.66,0.68,52353
KAR,20140102,4.33,4.49,4.3,4.44,392514
KAS,20140102,0.11,0.115,0.11,0.115,164800
KBC,20140102,0.175,0.175,0.175,0.175,351025
KBL,20140102,0.046,0.046,0.046,0.046,225000
KCN,20140102,0.94,1.045,0.94,1.03,2087612
KFE,20140102,0.1,0.1,0.096,0.1,87945
KGL,20140102,0.11,0.11,0.11,0.11,4600
KGM,20140102,0.01,0.01,0.01,0.01,10000
KMD,20140102,3.2,3.22,3.14,3.18,252759
KNL,20140102,0.15,0.15,0.145,0.15,72752
KOV,20140102,6.25,6.25,6.12,6.12,636
KPL,20140102,0.44,0.44,0.44,0.44,15900
KRC,20140102,0.06,0.06,0.057,0.057,287151
KRM,20140102,0.345,0.36,0.345,0.36,111603
KSC,20140102,1.81,1.81,1.8,1.805,29419
KSN,20140102,0.051,0.051,0.051,0.051,37500
LBL,20140102,0.092,0.1,0.092,0.1,245203
LBT,20140102,0.078,0.078,0.076,0.076,94411
LCM,20140102,1.58,1.61,1.58,1.6,138811
LCR,20140102,0.008,0.008,0.008,0.008,99000
LCT,20140102,0.078,0.079,0.078,0.079,110000
LCY,20140102,0.028,0.028,0.027,0.027,113400
LEG,20140102,0.008,0.008,0.008,0.008,28933
LEI,20140102,16.28,16.31,16.06,16.21,528073
LEP,20140102,2.74,2.76,2.73,2.73,14888
LFC,20140102,0.22,0.22,0.22,0.22,100000
LGO,20140102,0.003,0.003,0.003,0.003,255000
LHC,20140102,1.985,1.99,1.98,1.98,25030
LIC,20140102,1.14,1.15,1.14,1.15,303489
LKO,20140102,0.005,0.005,0.005,0.005,2429500
LLC,20140102,11.21,11.29,11.17,11.18,426548
LLO,20140102,0.25,0.25,0.25,0.25,15000
LMB,20140102,0.175,0.185,0.175,0.185,164470
LMG,20140102,0.006,0.006,0.005,0.005,646956
LNG,20140102,0.29,0.295,0.285,0.29,432326
LNR,20140102,0.24,0.24,0.24,0.24,5000
LRG,20140102,0.18,0.18,0.18,0.18,48500
LRL,20140102,0.115,0.115,0.115,0.115,11000
LRR,20140102,0.003,0.003,0.003,0.003,288425
LTN,20140102,0.065,0.065,0.065,0.065,7700
LYC,20140102,0.295,0.305,0.295,0.305,1531983
LYL,20140102,4.15,4.19,4.06,4.19,31296
MAB,20140102,0.6,0.6,0.6,0.6,15000
MAD,20140102,0.445,0.485,0.445,0.485,802710
MAH,20140102,0.14,0.145,0.137,0.145,2478316
MAK,20140102,0.14,0.14,0.14,0.14,79469
MAQ,20140102,8.33,8.6,8.33,8.6,7079
MAR,20140102,0.007,0.008,0.007,0.008,426881
MAT,20140102,0.23,0.23,0.23,0.23,27275
MBC,20140102,0.27,0.28,0.27,0.27,519917
MBE,20140102,0.275,0.285,0.27,0.275,4653326
MBO,20140102,0.045,0.045,0.045,0.045,117834
MCE,20140102,0.8,0.88,0.8,0.88,67497
MCH,20140102,0.11,0.11,0.11,0.11,52
MCP,20140102,1.55,1.58,1.54,1.54,52579
MCR,20140102,0.585,0.585,0.58,0.585,98345
MCS,20140102,1.54,1.54,1.535,1.535,10766
MDG,20140102,0.057,0.06,0.057,0.06,18000
MDI,20140102,0.03,0.03,0.03,0.03,41667
MDL,20140102,2.75,2.8,2.64,2.75,36032
MEJ,20140102,0.017,0.017,0.017,0.017,23127
MEL,20140102,0.082,0.083,0.082,0.083,60966
MEO,20140102,0.042,0.045,0.042,0.043,1103046
MEP,20140102,0.145,0.155,0.145,0.155,188635
MEU,20140102,0.015,0.015,0.015,0.015,46200
MEY,20140102,0.007,0.007,0.007,0.007,197100
MFF,20140102,1.62,1.65,1.61,1.64,101331
MFG,20140102,10.77,10.89,10.69,10.78,164190
MGL,20140102,0.026,0.026,0.025,0.025,257297
MGR,20140102,1.685,1.71,1.685,1.695,7653374
MGU,20140102,0.015,0.015,0.015,0.015,75000
MGX,20140102,1.02,1.037,1.015,1.035,900161
MHI,20140102,0.22,0.22,0.22,0.22,15000
MHM,20140102,0.078,0.078,0.078,0.078,35000
MIN,20140102,11.97,11.97,11.83,11.92,237518
MIR,20140102,2.84,2.84,2.73,2.73,48882
MIX,20140102,0.17,0.17,0.17,0.17,110000
MIZ,20140102,0.006,0.006,0.006,0.006,815000
MKB,20140102,0.31,0.315,0.31,0.315,509561
MLB,20140102,1.8,1.85,1.78,1.815,97737
MLD,20140102,2.64,2.65,2.53,2.56,75752
MLM,20140102,0.05,0.05,0.05,0.05,31358
MLT,20140102,4.26,4.27,4.23,4.23,84970
MLX,20140102,0.17,0.18,0.17,0.18,109139
MMC,20140102,0.016,0.017,0.016,0.017,1295776
MML,20140102,2.06,2.18,2.02,2.16,820906
MMS,20140102,11.85,12.24,11.81,12.15,238933
MMX,20140102,0.045,0.046,0.043,0.043,112500
MNB,20140102,0.003,0.004,0.003,0.004,5500000
MNC,20140102,0.031,0.032,0.031,0.031,100771
MND,20140102,18.75,18.75,18.18,18.21,183544
MNE,20140102,0.019,0.022,0.019,0.02,359470
MNF,20140102,1.785,1.845,1.775,1.825,188532
MNM,20140102,0.049,0.053,0.049,0.053,133000
MNW,20140102,0.31,0.315,0.305,0.305,338091
MNY,20140102,0.945,0.95,0.945,0.95,26527
MOC,20140102,2.87,2.9,2.87,2.9,99175
MOD,20140102,0.02,0.02,0.02,0.02,128000
MOL,20140102,0.115,0.115,0.115,0.115,17000
MOX,20140102,0.025,0.025,0.025,0.025,102773
MOY,20140102,0.19,0.19,0.18,0.185,32754
MOZ,20140102,0.014,0.014,0.013,0.013,240000
MPO,20140102,0.185,0.19,0.185,0.185,193057
MQA,20140102,2.76,2.81,2.71,2.72,289444
MQG,20140102,55.1,55.95,54.86,55.08,216170
MRF,20140102,0.095,0.095,0.095,0.095,9000
MRM,20140102,3.5,3.5,3.35,3.37,254853
MRP,20140102,0.185,0.185,0.18,0.18,7706
MRQ,20140102,0.14,0.14,0.135,0.14,73334
MRV,20140102,0.002,0.002,0.002,0.002,60000
MRX,20140102,0.008,0.009,0.008,0.009,298838
MSB,20140102,5.87,5.95,5.87,5.92,329949
MSC,20140102,0.003,0.003,0.003,0.003,4956849
MSR,20140102,0.032,0.033,0.032,0.033,150000
MSV,20140102,0.05,0.053,0.05,0.052,238853
MTE,20140102,0.027,0.027,0.027,0.027,200000
MTH,20140102,0.011,0.011,0.011,0.011,247327
MTS,20140102,3.17,3.18,3.15,3.16,2087564
MTU,20140102,6.27,6.32,6.24,6.3,351596
MUE,20140102,0.035,0.035,0.035,0.035,73000
MUT,20140102,0.002,0.002,0.002,0.002,2136860
MVP,20140102,1.175,1.175,1.17,1.175,27576
MVT,20140102,0.145,0.145,0.14,0.14,6451
MXI,20140102,1.195,1.2,1.19,1.19,153781
MYE,20140102,0.76,0.76,0.73,0.73,14787
MYG,20140102,0.028,0.031,0.028,0.031,66350
MYR,20140102,2.76,2.77,2.74,2.76,874848
MYS,20140102,4.86,4.93,4.86,4.87,19108
MYT,20140102,1.975,1.98,1.945,1.975,26531
MYX,20140102,0.735,0.74,0.705,0.705,329190
MZI,20140102,0.012,0.012,0.011,0.011,350000
NAB,20140102,34.85,35,34.65,34.83,1355937
NAN,20140102,0.84,0.845,0.84,0.845,24832
NBL,20140102,0.6,0.6,0.6,0.6,2000
NCC,20140102,1.1,1.1,1.09,1.09,2913
NCK,20140102,2.64,2.64,2.59,2.64,6292
NCM,20140102,7.85,8.46,7.82,8.45,4630873
NCR,20140102,0.014,0.015,0.012,0.014,3319846
NDO,20140102,0.036,0.036,0.035,0.036,865000
NEA,20140102,0.55,0.59,0.55,0.585,1457067
NEC,20140102,1.97,1.985,1.935,1.975,258574
NEN,20140102,0.265,0.325,0.265,0.315,9660095
NEU,20140102,0.115,0.115,0.105,0.105,1835367
NFE,20140102,0.225,0.245,0.225,0.225,7368
NGE,20140102,0.018,0.018,0.016,0.016,1334498
NGF,20140102,0.135,0.135,0.135,0.135,2632
NHC,20140102,3.38,3.4,3.33,3.38,75312
NHF,20140102,2.72,2.73,2.66,2.7,180509
NKP,20140102,0.089,0.089,0.084,0.085,547100
NMI,20140102,0.043,0.044,0.034,0.044,4286917
NMS,20140102,0.047,0.047,0.047,0.047,24000
NNW,20140102,0.37,0.38,0.36,0.38,290033
NOD,20140102,0.065,0.065,0.065,0.065,103189
NOE,20140102,0.175,0.175,0.175,0.175,18487
NPX,20140102,3.1,3.13,3.1,3.13,3943
NRT,20140102,0.2,0.205,0.195,0.195,218841
NSE,20140102,0.12,0.122,0.12,0.12,375455
NSP,20140102,0.074,0.075,0.074,0.075,120789
NSR,20140102,1.03,1.03,1.02,1.02,458315
NST,20140102,0.79,0.83,0.785,0.82,2764894
NTC,20140102,0.335,0.36,0.335,0.36,424650
NTM,20140102,0.022,0.022,0.022,0.022,15478
NTU,20140102,0.2,0.2,0.19,0.19,15000
NUF,20140102,4.44,4.44,4.37,4.4,182324
NVT,20140102,6.45,6.48,6.31,6.36,419080
NWE,20140102,0.012,0.012,0.012,0.012,190000
NWH,20140102,1.38,1.395,1.34,1.39,1378330
NWS,20140102,19.97,20.29,19.97,20.1,52107
NWT,20140102,0.45,0.475,0.45,0.455,704035
NXM,20140102,0.046,0.046,0.046,0.046,100000
NXS,20140102,0.07,0.07,0.068,0.068,463627
NXT,20140102,2.2,2.26,2.19,2.23,142873
OBJ,20140102,0.033,0.034,0.032,0.033,2083986
OBL,20140102,0.019,0.019,0.018,0.018,1661203
OEL,20140102,0.105,0.105,0.1,0.105,766428
OEX,20140102,0.059,0.06,0.054,0.055,6328611
OFX,20140102,2.9,2.91,2.77,2.88,69163
OGC,20140102,1.65,1.75,1.65,1.72,1389146
OGH,20140102,0.047,0.048,0.042,0.048,150000
OGX,20140102,0.13,0.13,0.13,0.13,29000
OGY,20140102,0.021,0.022,0.021,0.022,160000
OKN,20140102,1.6,1.655,1.6,1.64,84757
OKU,20140102,0.005,0.005,0.005,0.005,300000
OMH,20140102,0.395,0.395,0.395,0.395,5323
ONC,20140102,0.28,0.28,0.28,0.28,50000
OPG,20140102,0.045,0.045,0.045,0.045,324253
ORA,20140102,1.16,1.205,1.16,1.18,11281533
ORE,20140102,2.48,2.51,2.465,2.49,134736
ORG,20140102,14.18,14.24,14.04,14.06,760332
ORI,20140102,24.05,24.22,23.93,24.07,400400
ORL,20140102,4.41,4.5,4.39,4.4,78421
ORN,20140102,0.063,0.063,0.063,0.063,28350
OSH,20140102,8.19,8.24,8.14,8.17,1027569
OSL,20140102,0.13,0.155,0.13,0.15,2145532
OSP,20140102,0.7,0.7,0.68,0.7,11657
OTE,20140102,0.001,0.001,0.001,0.001,2542973
OTH,20140102,0.6,0.605,0.575,0.6,130003
OVL,20140102,0.02,0.02,0.018,0.02,296667
OXX,20140102,0.23,0.23,0.23,0.23,12000
OZF,20140102,20.35,20.35,20.31,20.31,2895
OZG,20140102,0.195,0.195,0.19,0.19,77440
OZL,20140102,3.18,3.3,3.15,3.26,1358600
OZR,20140102,10.23,10.23,10.23,10.23,400
PAA,20140102,0.011,0.011,0.011,0.011,3816983
PAB,20140102,0.054,0.056,0.053,0.053,11592149
PAN,20140102,0.245,0.25,0.24,0.245,189488
PBG,20140102,0.64,0.65,0.635,0.65,1030155
PBT,20140102,0.77,0.785,0.77,0.78,298993
PCL,20140102,0.061,0.064,0.061,0.062,1391796
PDI,20140102,0.019,0.02,0.019,0.02,420000
PDM,20140102,0.005,0.005,0.005,0.005,5000
PDN,20140102,0.47,0.475,0.455,0.46,2556992
PDY,20140102,0.01,0.011,0.009,0.01,9398241
PDZ,20140102,0.32,0.32,0.315,0.315,25000
PEA,20140102,0.4,0.4,0.4,0.4,5000
PEC,20140102,0.045,0.053,0.045,0.053,25003
PEK,20140102,0.067,0.067,0.065,0.065,201556
PEN,20140102,0.021,0.022,0.021,0.021,890189
PEX,20140102,0.25,0.25,0.25,0.25,5000
PFG,20140102,0.145,0.145,0.145,0.145,50000
PFL,20140102,1.39,1.4,1.38,1.4,26434
PGF,20140102,0.96,0.97,0.96,0.97,243447
PGH,20140102,3.28,3.41,3.28,3.31,852855
PGI,20140102,0.041,0.043,0.041,0.042,709195
PGL,20140102,0.265,0.265,0.26,0.26,20000
PGS,20140102,0.016,0.016,0.016,0.016,617199
PHG,20140102,0.345,0.345,0.345,0.345,5825
PHI,20140102,3.3,3.3,3.3,3.3,3000
PIM,20140102,0.007,0.007,0.007,0.007,34000
PIO,20140102,0.012,0.014,0.012,0.014,460000
PIR,20140102,0.985,1.025,0.972,1.02,741788
PKO,20140102,0.009,0.009,0.009,0.009,222000
PLV,20140102,0.17,0.17,0.16,0.16,186000
PMC,20140102,1.67,1.685,1.66,1.68,227496
PME,20140102,0.705,0.705,0.7,0.7,22161
PMP,20140102,0.405,0.405,0.395,0.395,10369
PMV,20140102,8.2,8.35,8.145,8.35,226684
PMY,20140102,0.028,0.028,0.026,0.028,1299297
PNA,20140102,1.81,1.855,1.78,1.85,2628665
PNL,20140102,0.215,0.215,0.21,0.215,82200
PNO,20140102,0.001,0.001,0.001,0.001,500000
PNR,20140102,0.065,0.065,0.065,0.065,20000
POH,20140102,0.11,0.11,0.11,0.11,23081
POK,20140102,0.065,0.065,0.065,0.065,5000
POS,20140102,0.077,0.077,0.076,0.077,306448
POU,20140102,18.59,18.59,18.59,18.59,14275
PPC,20140102,1.325,1.35,1.325,1.35,6457
PPG,20140102,0.43,0.43,0.43,0.43,30000
PPK,20140102,0.75,0.75,0.75,0.75,50000
PPT,20140102,48.28,48.6,48.07,48.13,66322
PPX,20140102,0.049,0.049,0.048,0.048,18100
PRA,20140102,0.03,0.03,0.03,0.03,100000
PRG,20140102,3.5,3.53,3.4,3.47,238403
PRL,20140102,0.21,0.215,0.205,0.21,664502
PRO,20140102,0.535,0.535,0.535,0.535,33137
PRR,20140102,0.04,0.04,0.039,0.04,460743
PRT,20140102,1.035,1.04,1.03,1.03,9684
PRU,20140102,0.245,0.3,0.245,0.29,9707238
PRW,20140102,0.001,0.001,0.001,0.001,4285000
PRY,20140102,4.95,4.99,4.92,4.94,821124
PSA,20140102,0.093,0.093,0.091,0.091,15789
PSH,20140102,0.04,0.04,0.037,0.037,5000
PSY,20140102,0.14,0.16,0.125,0.135,33321182
PSZ,20140102,0.945,0.945,0.93,0.94,26061
PTL,20140102,0.027,0.027,0.027,0.027,130370
PTM,20140102,6.93,6.93,6.86,6.88,209256
PVA,20140102,4.4,4.4,4.4,4.4,250
PVD,20140102,0.61,0.61,0.595,0.6,95045
PVE,20140102,0.12,0.12,0.12,0.12,5666
PWN,20140102,0.087,0.087,0.086,0.086,11000
PXR,20140102,0.002,0.002,0.002,0.002,1001000
PXS,20140102,0.105,0.105,0.105,0.105,53002
PYC,20140102,0.018,0.018,0.017,0.017,650000
PZC,20140102,0.02,0.02,0.02,0.02,24500
QAN,20140102,1.095,1.107,1.09,1.1,3510953
QAU,20140102,12.5,12.55,12.47,12.55,4707
QBE,20140102,11.61,11.76,11.56,11.7,1764576
QBL,20140102,0.008,0.008,0.008,0.008,1704999
QFN,20140102,10.86,10.86,10.84,10.84,24570
QFX,20140102,0.013,0.013,0.012,0.013,1061605
QHL,20140102,0.215,0.235,0.215,0.23,584300
QMN,20140102,0.013,0.013,0.013,0.013,5000
QNA,20140102,0.002,0.002,0.002,0.002,700000
QOZ,20140102,12.28,12.28,12.28,12.28,850
QRE,20140102,5.72,5.72,5.72,5.72,1800
QRX,20140102,0.745,0.85,0.745,0.8,331649
QUB,20140102,2.09,2.09,2.06,2.07,303980
RAU,20140102,0.014,0.014,0.014,0.014,458999
RBR,20140102,0.009,0.009,0.009,0.009,148213
RCB,20140102,20.3,20.37,20.3,20.37,2696
RCF,20140102,0.016,0.017,0.016,0.017,196000
RCG,20140102,0.75,0.75,0.745,0.747,422481
RCR,20140102,3.66,3.7,3.58,3.65,140788
RCT,20140102,3.85,3.85,3.85,3.85,221
RDF,20140102,1.15,1.155,1.15,1.155,12000
RDM,20140102,0.165,0.175,0.165,0.17,150000
RDR,20140102,0.058,0.058,0.057,0.057,114356
RDV,20140102,29.13,29.19,29.11,29.17,2951
REA,20140102,37.95,38.2,37.28,37.36,147942
REC,20140102,4.1,4.185,4.08,4.18,548776
RED,20140102,0.088,0.088,0.085,0.088,819694
REF,20140102,0.073,0.077,0.073,0.077,132830
REH,20140102,32.5,32.5,32.5,32.5,22506
RES,20140102,0.18,0.19,0.18,0.19,378223
REX,20140102,0.91,0.91,0.905,0.905,10650
RFE,20140102,0.38,0.38,0.36,0.37,279783
RFG,20140102,4.6,4.61,4.57,4.6,181690
RFL,20140102,0.28,0.285,0.28,0.28,689950
RFT,20140102,0.003,0.003,0.003,0.003,723883
RFX,20140102,0.12,0.12,0.12,0.12,15834
RGS,20140102,0.46,0.465,0.445,0.46,469809
RHC,20140102,43.26,43.35,42.49,42.58,172009
RHL,20140102,3.25,3.34,3.25,3.34,27487
RHT,20140102,0.065,0.081,0.065,0.075,22275669
RIC,20140102,0.865,0.89,0.855,0.885,91671
RIM,20140102,0.033,0.033,0.033,0.033,100000
RIO,20140102,68.5,68.93,68.5,68.71,873440
RKN,20140102,2.16,2.2,2.16,2.18,77093
RLE,20140102,0.195,0.2,0.195,0.2,113000
RMD,20140102,5.31,5.33,5.26,5.26,1472016
RMI,20140102,0.002,0.002,0.002,0.002,550000
RMR,20140102,0.01,0.01,0.01,0.01,3334
RMS,20140102,0.097,0.13,0.097,0.13,3171058
RMX,20140102,0.004,0.004,0.004,0.004,1401000
RNC,20140102,0.325,0.335,0.31,0.335,83700
RND,20140102,0.44,0.44,0.44,0.44,1200
RNI,20140102,0.056,0.056,0.056,0.056,44531
RNO,20140102,0.045,0.046,0.045,0.045,193000
RNS,20140102,0.056,0.056,0.051,0.052,1005000
RNU,20140102,0.088,0.088,0.088,0.088,100000
RNY,20140102,0.315,0.315,0.315,0.315,32975
ROC,20140102,0.485,0.495,0.485,0.495,542009
ROG,20140102,0.002,0.002,0.002,0.002,450370
ROL,20140102,0.35,0.36,0.35,0.36,37000
ROY,20140102,0.047,0.047,0.047,0.047,42800
RQL,20140102,0.13,0.13,0.13,0.13,1500
RRL,20140102,2.97,3.1,2.93,3.08,2111913
RRS,20140102,0.025,0.025,0.024,0.025,274000
RSG,20140102,0.55,0.635,0.545,0.635,2000270
RTA,20140102,0.205,0.205,0.2,0.2,100950
RUL,20140102,0.7,0.715,0.7,0.715,52328
RUM,20140102,0.15,0.15,0.15,0.15,3392
RVA,20140102,0.48,0.48,0.48,0.48,1250
RVY,20140102,0.02,0.02,0.02,0.02,148076
RWD,20140102,0.425,0.46,0.425,0.46,9559
RWH,20140102,3.24,3.24,3.24,3.24,4398
RXL,20140102,0.033,0.033,0.032,0.032,256865
RXM,20140102,0.49,0.5,0.48,0.49,51055
RXP,20140102,0.74,0.75,0.74,0.75,23754
SAI,20140102,3.92,3.92,3.82,3.85,246199
SAR,20140102,0.19,0.21,0.19,0.21,2266275
SAV,20140102,0.013,0.013,0.013,0.013,25000
SBB,20140102,0.205,0.205,0.205,0.205,30000
SBM,20140102,0.265,0.302,0.265,0.3,4300708
SCC,20140102,0.66,0.67,0.65,0.67,131415
SCI,20140102,0.09,0.09,0.088,0.088,38330
SCP,20140102,1.55,1.56,1.545,1.56,285780
SDF,20140102,1.675,1.73,1.675,1.7,119572
SDG,20140102,1.37,1.395,1.36,1.375,110361
SDI,20140102,0.755,0.76,0.755,0.76,27045
SDL,20140102,0.096,0.096,0.094,0.095,6925198
SDM,20140102,0.68,0.71,0.677,0.7,241299
SEA,20140102,0.98,0.99,0.975,0.98,205165
SEH,20140102,0.2,0.2,0.195,0.195,1042343
SEK,20140102,13.49,13.59,13.2,13.26,641542
SEN,20140102,0.047,0.047,0.047,0.047,150000
SER,20140102,0.025,0.025,0.025,0.025,59666
SFH,20140102,0.91,0.925,0.91,0.925,62814
SFR,20140102,6.53,6.84,6.48,6.81,415105
SFW,20140102,0.72,0.72,0.72,0.72,71
SFX,20140102,0.55,0.57,0.55,0.57,47500
SFY,20140102,53.32,53.58,53.29,53.32,2188
SFZ,20140102,0.055,0.055,0.055,0.055,10140000
SGH,20140102,4.84,4.92,4.795,4.81,573649
SGM,20140102,10.86,11.17,10.78,11.17,535488
SGN,20140102,1.48,1.535,1.48,1.495,324870
SGP,20140102,3.62,3.67,3.62,3.65,3187085
SGQ,20140102,0.099,0.099,0.095,0.095,61000
SGT,20140102,3.25,3.265,3.24,3.24,1115992
SGZ,20140102,0.007,0.007,0.007,0.007,25500
SHD,20140102,0.125,0.125,0.125,0.125,130000
SHE,20140102,0.01,0.01,0.01,0.01,20000
SHH,20140102,0.19,0.19,0.19,0.19,20000
SHJ,20140102,1.8,1.85,1.8,1.85,4500
SHK,20140102,0.005,0.005,0.005,0.005,10414
SHL,20140102,16.5,16.58,16.42,16.45,768736
SHV,20140102,5.56,5.78,5.56,5.7,475659
SIP,20140102,0.65,0.66,0.642,0.66,813510
SIR,20140102,2.28,2.375,2.28,2.29,407145
SIV,20140102,5.26,5.31,5.24,5.24,61839
SKC,20140102,3.7,3.7,3.52,3.57,224615
SKE,20140102,3.4,3.45,3.32,3.45,195796
SKI,20140102,1.63,1.63,1.61,1.62,1626504
SKT,20140102,5.6,5.6,5.44,5.44,91665
SLF,20140102,9.08,9.22,9.08,9.1,35492
SLK,20140102,1.56,1.56,1.56,1.56,7249
SLM,20140102,2.15,2.19,2.15,2.19,114989
SLR,20140102,0.54,0.635,0.54,0.635,6033141
SLT,20140102,0.007,0.007,0.007,0.007,183674
SLX,20140102,2.31,2.33,2.28,2.33,21984
SMA,20140102,0.029,0.029,0.025,0.025,1848490
SMD,20140102,0.033,0.033,0.033,0.033,33000
SMI,20140102,0.105,0.105,0.1,0.1,7646
SMN,20140102,0.165,0.165,0.155,0.155,43031
SMR,20140102,0.19,0.19,0.18,0.19,122999
SMX,20140102,4.05,4.23,4.05,4.15,278646
SNC,20140102,0.955,0.96,0.955,0.955,56639
SND,20140102,0.92,0.92,0.92,0.92,2000
SNL,20140102,1.99,1.99,1.975,1.99,5995
SNV,20140102,0.002,0.002,0.002,0.002,1135000
SNY,20140102,0.425,0.425,0.425,0.425,22000
SOC,20140102,0.165,0.165,0.155,0.165,137710
SOL,20140102,14.74,14.95,14.6,14.95,18388
SOM,20140102,1.1,1.15,1.1,1.1,17445
SOO,20140102,0.013,0.013,0.011,0.011,140000
SPI,20140102,0.012,0.012,0.012,0.012,42500
SPL,20140102,0.87,0.875,0.85,0.87,189546
SPN,20140102,1.245,1.255,1.22,1.245,3863127
SRI,20140102,0.055,0.055,0.055,0.055,559555
SRM,20140102,0.21,0.215,0.21,0.215,1194841
SRQ,20140102,0.009,0.009,0.009,0.009,1390123
SRV,20140102,3.98,4.05,3.98,4,2878
SRX,20140102,11.75,11.82,11.63,11.66,56086
SSM,20140102,0.19,0.195,0.19,0.19,85967
SSN,20140102,0.022,0.023,0.022,0.023,29474
SSO,20140102,11.61,11.61,11.61,11.61,10436
SST,20140102,31,31,31,31,200
STB,20140102,0.21,0.21,0.21,0.21,2217
STO,20140102,14.74,14.74,14.64,14.67,1344384
STP,20140102,1.29,1.29,1.29,1.29,4317
STS,20140102,0.53,0.53,0.53,0.53,27462
STW,20140102,49.84,50.11,49.82,49.97,66673
STX,20140102,0.091,0.091,0.091,0.091,126115
SUD,20140102,0.079,0.083,0.077,0.077,9048022
SUH,20140102,0.05,0.05,0.05,0.05,77566
SUL,20140102,13.38,13.38,12.65,12.65,476000
SUN,20140102,13.16,13.25,13.1,13.1,1080232
SUR,20140102,0.026,0.027,0.026,0.026,644655
SVL,20140102,0.006,0.006,0.006,0.006,74980
SVW,20140102,8.1,8.1,7.98,8.05,127290
SWE,20140102,0.31,0.315,0.305,0.305,50919
SWJ,20140102,0.2,0.2,0.2,0.2,740000
SWK,20140102,0.295,0.3,0.295,0.3,180254
SWL,20140102,1.225,1.24,1.225,1.24,10515
SWM,20140102,2.37,2.4,2.35,2.38,816137
SXA,20140102,0.35,0.35,0.35,0.35,25000
SXE,20140102,0.75,0.8,0.75,0.79,26200
SXG,20140102,0.014,0.014,0.014,0.014,100000
SXL,20140102,1.7,1.71,1.69,1.7,486016
SXY,20140102,0.74,0.74,0.73,0.73,457653
SYA,20140102,0.003,0.003,0.002,0.002,1367224
SYD,20140102,3.8,3.83,3.79,3.79,2758363
SYI,20140102,29.89,29.95,29.83,29.88,4356
SYP,20140102,0.016,0.016,0.016,0.016,500000
SYR,20140102,3.1,3.1,3.03,3.03,84755
SZG,20140102,0.11,0.11,0.11,0.11,500000
TAH,20140102,3.64,3.65,3.63,3.64,374181
TAM,20140102,0.022,0.023,0.021,0.023,420207
TAN,20140102,0.48,0.48,0.475,0.475,14000
TAP,20140102,0.505,0.52,0.5,0.5,230409
TAW,20140102,0.033,0.033,0.032,0.032,673145
TBR,20140102,2.34,2.34,2.33,2.33,4287
TCL,20140102,6.83,6.86,6.8,6.81,1160198
TCN,20140102,0.075,0.076,0.075,0.076,32444
TCQ,20140102,0.265,0.265,0.26,0.26,7408
TEG,20140102,0.007,0.007,0.007,0.007,400000
TEL,20140102,2.19,2.2,2.15,2.16,376356
TEN,20140102,0.28,0.285,0.275,0.285,5246160
TEY,20140102,0.034,0.034,0.033,0.033,20397
TFC,20140102,1.025,1.13,1.025,1.13,1026079
TFS,20140102,0.12,0.125,0.12,0.125,256836
TGA,20140102,2.18,2.185,2.16,2.16,162953
TGG,20140102,1.4,1.4,1.39,1.395,85799
TGP,20140102,0.61,0.615,0.6,0.6,7935
TGR,20140102,3.3,3.34,3.27,3.31,91015
TGS,20140102,0.345,0.345,0.335,0.335,1479814
TGZ,20140102,0.55,0.58,0.55,0.58,339965
THR,20140102,0.005,0.005,0.004,0.004,200
THX,20140102,0.038,0.038,0.038,0.038,100000
TIS,20140102,0.31,0.32,0.31,0.31,367513
TIX,20140102,2.06,2.09,2.05,2.07,41296
TLG,20140102,0.068,0.07,0.068,0.07,231120
TLM,20140102,0.11,0.11,0.11,0.11,60000
TLS,20140102,5.26,5.28,5.25,5.26,8456702
TLU,20140102,0.075,0.075,0.07,0.07,448228
TME,20140102,3.76,3.8,3.76,3.79,205000
TMK,20140102,0.001,0.001,0.001,0.001,600000
TMM,20140102,1.41,1.41,1.41,1.41,100
TNE,20140102,2.3,2.33,2.3,2.33,58625
TNG,20140102,0.045,0.047,0.045,0.046,185000
TNR,20140102,0.003,0.003,0.003,0.003,44900
TOE,20140102,0.079,0.079,0.077,0.077,302610
TOL,20140102,5.71,5.75,5.65,5.71,799494
TOP,20140102,0.53,0.53,0.53,0.53,54745
TOU,20140102,0.31,0.33,0.31,0.31,62719
TOX,20140102,3.49,3.5,3.44,3.5,35802
TPC,20140102,0.095,0.095,0.095,0.095,3081
TPI,20140102,1.17,1.185,1.17,1.18,1673778
TPM,20140102,5.37,5.42,5.33,5.4,663996
TPP,20140102,0.04,0.04,0.04,0.04,77550
TPR,20140102,0.06,0.06,0.06,0.06,255000
TPT,20140102,0.24,0.24,0.24,0.24,520155
TRF,20140102,0.099,0.099,0.096,0.096,24042
TRG,20140102,8.91,8.91,8.65,8.74,9007
TRS,20140102,17.44,17.65,17.39,17.5,65921
TRY,20140102,0.81,0.855,0.805,0.85,1072557
TSE,20140102,0.9,0.905,0.88,0.89,1754342
TSM,20140102,0.36,0.36,0.36,0.36,41632
TSN,20140102,0.009,0.009,0.009,0.009,522556
TSV,20140102,0.004,0.004,0.004,0.004,1683480
TTE,20140102,0.03,0.03,0.03,0.03,124500
TTI,20140102,0.066,0.07,0.065,0.07,660577
TTN,20140102,2.55,2.55,2.43,2.47,247992
TTS,20140102,3.1,3.11,3.08,3.09,939108
TUC,20140102,0.036,0.036,0.036,0.036,23300
TWD,20140102,2.78,2.78,2.65,2.65,26175
TWE,20140102,4.82,4.84,4.78,4.8,1083962
TZL,20140102,0.12,0.12,0.12,0.12,180000
TZN,20140102,0.028,0.028,0.028,0.028,400000
UBI,20140102,0.45,0.48,0.45,0.465,36380
UGL,20140102,7.28,7.28,7.04,7.19,718492
UML,20140102,0.042,0.044,0.041,0.044,499584
UNS,20140102,0.81,0.825,0.795,0.805,370401
UNV,20140102,0.11,0.11,0.11,0.11,50000
UNX,20140102,0.17,0.175,0.165,0.175,176557
UOS,20140102,0.55,0.55,0.55,0.55,48000
URF,20140102,1.95,1.95,1.935,1.95,15282
USD,20140102,11.14,11.14,11.05,11.05,22313
UXC,20140102,1,1.03,0.995,1.025,321282
VAF,20140102,48.99,48.99,47.51,47.51,972
VAH,20140102,0.39,0.39,0.385,0.39,487679
VAP,20140102,58.3,58.93,57.11,57.37,4564
VAS,20140102,68.65,68.65,67.53,67.98,16288
VEC,20140102,0.023,0.023,0.023,0.023,2750
VED,20140102,1.91,1.92,1.9,1.905,924258
VEI,20140102,0.695,0.695,0.685,0.69,216181
VET,20140102,2.06,2.1,2.06,2.09,139913
VEU,20140102,56.71,57.51,56.59,57.2,3665
VGB,20140102,47,47,46.39,46.46,10000
VGE,20140102,51.71,51.76,51.63,51.63,1052
VHL,20140102,0.012,0.013,0.012,0.012,3000000
VHY,20140102,65.85,65.85,65.28,65.79,15347
VIE,20140102,0.36,0.38,0.36,0.38,30000
VII,20140102,0.12,0.12,0.105,0.105,34590
VLA,20140102,0.31,0.31,0.31,0.31,18000
VLC,20140102,60.92,60.92,60.92,60.92,476
VLW,20140102,1.88,1.88,1.835,1.85,60034
VMG,20140102,0.01,0.01,0.009,0.009,952951
VMS,20140102,0.165,0.18,0.165,0.18,20000
VMT,20140102,0.033,0.036,0.033,0.035,43677911
VOC,20140102,3.57,3.72,3.55,3.7,377521
VOR,20140102,0.005,0.005,0.004,0.004,1825000
VRL,20140102,7.61,7.61,7.47,7.56,131355
VRT,20140102,8.82,8.82,8.61,8.74,36138
VSO,20140102,44.98,45.02,44.93,44.93,2191
VTG,20140102,0.685,0.685,0.66,0.68,5520
VTM,20140102,0.07,0.07,0.07,0.07,110000
VTS,20140102,108.15,108.57,108,108.48,3350
VTX,20140102,0.002,0.002,0.002,0.002,1000000
WAA,20140102,1.205,1.22,1.205,1.22,57284
WAC,20140102,0.04,0.04,0.04,0.04,25000
WAM,20140102,1.97,1.99,1.95,1.99,119388
WAX,20140102,1.12,1.14,1.12,1.13,169327
WBA,20140102,1.095,1.1,1.087,1.095,24058
WBC,20140102,32.45,32.49,32.185,32.34,2265182
WCB,20140102,9.26,9.26,9.25,9.25,46002
WCC,20140102,0.16,0.16,0.16,0.16,50000
WCL,20140102,0.19,0.19,0.185,0.185,14997
WDC,20140102,10.11,10.24,10.09,10.17,3499411
WDR,20140102,0.735,0.742,0.735,0.735,95187
WDS,20140102,0.855,0.87,0.855,0.865,56371
WEB,20140102,3.16,3.17,3.06,3.1,252920
WEC,20140102,0.185,0.19,0.18,0.18,739503
WEG,20140102,0.005,0.005,0.005,0.005,35500
WES,20140102,44.1,44.3,44,44.05,665920
WFE,20140102,0.03,0.031,0.03,0.031,100000
WHC,20140102,1.925,1.975,1.915,1.96,1674049
WHE,20140102,0.03,0.036,0.03,0.033,5421168
WHF,20140102,3.97,3.97,3.96,3.96,6103
WHN,20140102,0.01,0.01,0.009,0.01,2659011
WIC,20140102,1.225,1.24,1.22,1.235,37250
WIN,20140102,0.21,0.21,0.2,0.2,110000
WLL,20140102,2.62,2.65,2.61,2.62,52950
WLR,20140102,0.005,0.005,0.005,0.005,106879
WMK,20140102,1.02,1.02,1.015,1.015,20000
WMN,20140102,0.125,0.125,0.125,0.125,10000
WOF,20140102,0.07,0.07,0.07,0.07,200000
WOR,20140102,16.77,16.98,16.55,16.85,570972
WOW,20140102,33.95,34.1,33.89,33.89,856559
WPG,20140102,0.029,0.029,0.029,0.029,27996
WPL,20140102,38.87,39.15,38.48,38.56,1705738
WRT,20140102,2.98,3.005,2.98,2.99,3164915
WSA,20140102,2.39,2.45,2.36,2.43,487833
WTF,20140102,2.82,2.84,2.71,2.76,714358
WTP,20140102,0.96,0.99,0.96,0.985,73602
WTR,20140102,0.09,0.09,0.09,0.09,4000
XAM,20140102,0.063,0.07,0.063,0.07,60000
XCD,20140102,0.135,0.135,0.135,0.135,41600
XRF,20140102,0.29,0.29,0.29,0.29,1457
XRO,20140102,30.48,30.48,29,30.16,5257
XTE,20140102,0.042,0.042,0.041,0.041,1034414
YAL,20140102,0.76,0.76,0.725,0.725,18420
YBR,20140102,0.555,0.555,0.54,0.54,45000
YOW,20140102,0.185,0.185,0.185,0.185,100000
YRR,20140102,0.011,0.011,0.01,0.01,431000
YTC,20140102,0.225,0.225,0.22,0.22,99903
ZER,20140102,0.52,0.52,0.52,0.52,1652
ZGL,20140102,0.255,0.28,0.255,0.275,937487
ZIM,20140102,7.15,7.24,7.15,7.24,327
ZMG,20140102,0.048,0.05,0.048,0.05,100000
ZNC,20140102,0.1,0.11,0.1,0.11,340000
ZRL,20140102,0.067,0.067,0.055,0.055,9867
XAF,20140102,5457.8,5490.1,5457.8,5472.3,0
XAO,20140102,5353.1,5383.4,5353.1,5369.8,0
XAT,20140102,5304.7,5335.5,5304.7,5320.6,0
XDJ,20140102,1831.1,1842.6,1830.5,1833.3,0
XEC,20140102,1118.5,1139.7,1118.5,1135.7,0
XEJ,20140102,13622.9,13711.1,13609.2,13609.2,0
XFJ,20140102,5875.7,5912.9,5867.7,5887.2,0
XFL,20140102,5526.9,5559.9,5526.9,5541.7,0
XGD,20140102,1898.4,2038.6,1898.4,2037.2,0
XHJ,20140102,14367.3,14419.6,14320.7,14324.1,0
XIJ,20140102,741.5,750.4,739.7,745.4,0
XJO,20140102,5352.2,5383.4,5352.2,5367.9,0
XJR,20140102,4186.3,4229.3,4186.3,4220.8,0
XKO,20140102,5304.8,5335.4,5304.8,5320.8,0
XMD,20140102,4349.5,4375.3,4349.5,4360.8,0
XMJ,20140102,10209.7,10339.4,10209.7,10318.2,0
XMM,20140102,3339.3,3388.1,3339.3,3381,0
XNJ,20140102,3968.9,3988.5,3963.8,3973.4,0
XPJ,20140102,984.9,996.2,984.9,992.5,0
XSJ,20140102,10016,10077.7,10016,10025,0
XSO,20140102,2193.6,2214,2193.6,2209.2,0
XTJ,20140102,1821.6,1831.7,1821.4,1825,0
XTL,20140102,3378.4,3397.5,3377.4,3385.4,0
XTO,20140102,4445.2,4470.9,4445.2,4457.1,0
XUJ,20140102,5379.5,5406.2,5363,5386.1,0
XXJ,20140102,6981.6,7024,6963.4,6989,0
